#episode title#romanized title#translation of title#broadcast date#ratings
ep 2#自分の弱さを知れ!#jibun no yowasa wo shire!#know your weaknesses!#july 15 , 2005#16.5%
ep 3#遊べ!受験はスポーツだ!#asobe! juken wa supootsu da!#entrance exams are sports , so play!#july 22 , 2005#13.8%
ep 4#壁にぶつかるまで我慢しろ#kabe ni butsukaru made gaman shiro#hold out until you hit the wall#july 29 , 2005#16.1%
ep 5#泣くな!お前の人生だ!#nakuna! omae no jinsei da!#don't cry! it 's your life!#august 5 , 2005#16.8%
ep 6#英語対決!勝負だバカ6人#eigo taiketsu! shoubu da baka rokunin#english showdown! fight for stupid 6#august 12 , 2005#17.9%
ep 7#見返してやる!東大模試#mikaeshite yaru! toudai moshi#vengeance! mock exam for tokyo university#august 19 , 2005#15.6%
ep 9#信じろ!成績は必ず上がる#shinjiro! seiseki wa kanarazu agaru#trust yourself! your marks will surely improve#september 2 , 2005#14.5%
ep 10#友情か受験か最後の決断#yuujou ka juken ka saigo no ketsudan#friendship or entrance exam final decision#september 9 , 2005#14.5%
