#episode title#romanized title#translation of title#broadcast date#ratings
ep 1#おまえが欲しい#omae ga hosii#i want you#may 10 , 2010#22.4%
ep 2#ありえないキス#arienai kisu#the unthinkable kiss#may 17 , 2010#19.2%
ep 3#復讐のプロポーズ#fukusyū no puropōzu#the proposal out of revenge#may 24 , 2010#15.6%
ep 4#こんなに好きだったんだ…#konna ni suki dattanda…#that 's how much i liked you#may 31 , 2010#15.5%
ep 5#好きと言えたらいいのに#suki to ietara iinoni#if only i could say , i like you#june 7 , 2010#17.4%
ep 6#最終章序幕・別れ#saishūshōjomakuwakare#a prologue of final chapter , farewell#june 14 , 2010#13.4%
