outcome#date#tournament#surface#opponent#score
winner#14 february 1983#hershey#carpet (i)#sandy collins#2 - 6 , 6 - 0 , 6 - 4
runner - up#28 february 1983#palm springs#hard#yvonne vermaak#3 - 6 , 5 - 7
runner - up#11 april 1983#amelia island#clay#chris evert - lloyd#3 - 6 , 6 - 2 , 5 - 7
runner - up#7 november 1983#honolulu#carpet (i)#kathy horvath#6 - 4 , 2 - 6 , 6 - 7 (1)
runner - up#8 october 1984#tampa#hard#michelle torres#1 - 6 , 6 - 7 (4)
winner#18 may 1987#strasbourg#clay#sandra cecchini#6 - 3 , 6 - 4
