outcome#date#location#surface#opponent in final#score
winner#3 september 2000#jaipur , india#grass#manisha malhotra#6 - 2 2 - 6 6 - 3
winner#9 march 2003#australia circuit week 1#grass#lauren breadmore#6 - 2 4 - 6 6 - 3
winner#9 march 2003#australia circuit week 3#grass#chan chin - wei#6 - 3 7 - 6 (7 - 4)
winner#17 august 2003#oulu , finland#clay#kateryna bondarenko#6 - 3 6 - 4
runner - up#19 march 2006#canberra , australia#clay#jarmila gajdošová#6 - 7 (5 - 7) 2 - 6
runner - up#20 may 2006#tenerife , spain#hard#andrea hlaváčková#6 - 3 3 - 6 3 - 6
runner - up#9 july 2006#valladolid , spain#hard#estrella cabeza candela#6 - 2 6 - 7 (3 - 7) 5 - 7
runner - up#18 november 2007#nuriootpa , australia#hard#irena pavlovic#2 - 6 7 - 5 4 - 6
winner#14 september 2008#rockhampton , australia#hard#jarmila gajdošová#4 - 6 6 - 2 7 - 6 (7 - 4)
winner#24 may 2009#santos , brazil#clay#aranza salut#6 - 2 6 - 1
winner#25 july 2009#kharkiv , ukraine#clay#tereza mrdeza#5 - 7 6 - 1 6 - 4
winner#21 march 2010#irapuato , mexico#hard#misaki doi#7 - 6 (7 - 5) 2 - 6 6 - 2
runner - up#09 - may - 2011#kurume , japan#grass#rika fujiwara#3 - 6 , 1 - 6
runner - up#16 october 2011#kalgoorlie , australia#hard#casey dellacqua#2 - 6 , 2 - 6
runner - up#13 may 2012#fukuoka , japan#grass#casey dellacqua#4 - 6 , 1 - 6
runner - up#may 14 , 2012#fukuoka , japan#grass#saisai zheng#5 - 7 , 2 - 6
runner - up#15 - oct - 2012#makinohara , japan#grass#alexa glatch#3 - 6 , 4 - 6
runner - up#22 - oct - 2012#hamamatsu , japan#grass#alexa glatch#2 - 6 , 3 - 6
runner - up#2 february 2013#burnie , australia#hard#olivia rogowska#6 - 7 , 7 - 6 , 4 - 6
