date#venue#score#result#competition
3 march 2010#antalya atatürk stadium , antalya , turkey#1 - 0#3 - 1#friendly
27 may 2010#stadion villach lind , villach , austria#1 - 1#2 - 2#friendly
27 may 2010#stadion villach lind , villach , austria#2 - 1#2 - 2#friendly
7 june 2011#dynama stadium , minsk , belarus#2 - 0#2 - 0#uefa euro 2012 qualification
11 september 2012#stade de france , paris , france#1 - 2#1 - 3#2014 fifa world cup qualification
3 june 2013#a le coq arena , tallinn , estonia#1 - 0#2 - 0#friendly
